x,y,z,type
31,-63,-1,createsifter:sifter
31,-63,-2,create:simple_kinetic
31,-62,-2,create:motor
29,-63,-1,createsifter:sifter
29,-63,-2,create:simple_kinetic
29,-62,-2,create:motor
24,-63,-1,minecraft:furnace
31,-63,3,minecraft:campfire
26,-63,1,createsifter:sifter
22,-62,7,minecraft:hopper
10,-58,29,minecraft:daylight_detector
2,-58,21,minecraft:daylight_detector
10,-58,21,minecraft:daylight_detector
2,-58,29,minecraft:daylight_detector
35,-63,12,minecraft:campfire
43,-63,30,create:belt
44,-63,30,create:belt
43,-63,31,create:motor
46,-61,30,create:motor
45,-63,30,create:saw
47,-61,30,create:deployer
46,-63,30,create:belt
45,-63,31,create:motor
47,-63,30,create:belt
46,-63,31,create:motor
51,-63,30,create:belt
48,-61,30,create:simple_kinetic
49,-61,30,create:deployer
48,-63,30,create:belt
50,-61,30,create:simple_kinetic
49,-63,30,create:belt
51,-61,30,create:deployer
50,-63,30,create:belt
8217,-62,-60,create:funnel
8217,-61,-60,create:chute
8217,-61,-61,create:chute
8217,-60,-60,minecraft:hopper
8217,-61,-62,create:chute
8217,-60,-61,minecraft:hopper
8217,-61,-63,create:chute
8217,-60,-62,minecraft:hopper
8217,-58,-60,create:encased_fluid_pipe
8217,-61,-64,create:chute
8217,-60,-63,minecraft:hopper
8217,-58,-61,create:encased_fluid_pipe
8217,-60,-64,minecraft:hopper
8217,-58,-62,create:encased_fluid_pipe
8217,-58,-63,create:encased_fluid_pipe
8217,-58,-64,create:encased_fluid_pipe
8216,-63,-52,create:schematic_table
8195,-51,-59,create:chute
8207,-63,-34,create:motor
8206,-63,-34,createaddition:rolling_mill
8232,-63,-44,mekanism:basic_sawing_factory
8232,-62,-44,mekanism:precision_sawmill
8230,-63,-44,mekanism:basic_infusing_factory
8230,-62,-44,mekanism:metallurgic_infuser
8228,-63,-44,mekanism:basic_injecting_factory
8228,-62,-44,mekanism:chemical_injection_chamber
8226,-63,-44,mekanism:basic_purifying_factory
8226,-62,-44,mekanism:purification_chamber
8224,-63,-44,mekanism:basic_combining_factory
8224,-62,-44,mekanism:combiner
8181,-63,-76,create_new_age:heater
8181,-63,-75,create_new_age:heat_pipe
8176,-62,-71,create_new_age:reactor_fuel_acceptor
8179,-63,-76,create_new_age:heater
8178,-63,-75,create_new_age:heat_pipe
8179,-63,-75,create_new_age:heat_pipe
8177,-63,-76,create_new_age:heater
8176,-63,-75,create_new_age:heat_pipe
8180,-61,-77,create:simple_kinetic
8178,-63,-76,create_new_age:heater
8177,-63,-75,create_new_age:heat_pipe
8180,-61,-79,create:simple_kinetic
8176,-63,-76,create_new_age:heater
8180,-61,-78,create:simple_kinetic
8180,-61,-80,create:simple_kinetic
8215,-63,-37,create:millstone
8222,-63,-44,mekanism:basic_compressing_factory
8222,-62,-44,mekanism:osmium_compressor
8220,-63,-44,mekanism:basic_crushing_factory
8212,-63,-37,create:millstone
8220,-62,-44,mekanism:crusher
8218,-63,-44,mekanism:basic_enriching_factory
8213,-63,-40,create:basin
8218,-62,-44,mekanism:enrichment_chamber
8216,-63,-44,mekanism:basic_smelting_factory
8213,-61,-40,create:mechanical_mixer
8216,-62,-44,mekanism:energized_smelter
8212,-61,-40,create:simple_kinetic
8218,-63,-48,mekanism:basic_enriching_factory
8212,-60,-40,create:motor
8209,-63,-40,create:motor
8217,-63,-48,mekanism:metallurgic_infuser
8203,-63,-27,createaddition:rolling_mill
8206,-63,-30,create:motor
8216,-62,-32,createsifter:brass_sifter
8215,-62,-32,createsifter:sifter
8214,-62,-32,create:simple_kinetic
8215,-61,-18,create:simple_kinetic
8214,-61,-18,create:simple_kinetic
8223,-63,-29,minecraft:campfire
8214,-61,-19,create_new_age:generator_coil
8214,-61,-20,create_new_age:generator_coil
8214,-61,-21,create_new_age:carbon_brushes
8214,-61,-22,mekanism:ultimate_energy_cube
8212,-63,-25,create_new_age:electrical_connector
8217,-63,-32,mekanism:basic_logistical_transporter
8216,-63,-32,mekanism:basic_logistical_transporter
8215,-63,-32,minecraft:hopper
8214,-61,-32,create:motor
8215,-60,-17,create:simple_kinetic
8215,-60,-18,create:simple_kinetic
8230,-63,-28,create:depot
8231,-61,-28,create:motor
8230,-61,-28,create:deployer
8194,-62,-76,create:funnel
8194,-61,-77,create:chute
8194,-60,-76,minecraft:hopper
8194,-61,-76,create:chute
8194,-61,-79,create:chute
8194,-60,-78,minecraft:hopper
8194,-58,-76,create:encased_fluid_pipe
8194,-61,-78,create:chute
8194,-60,-77,minecraft:hopper
8194,-60,-80,minecraft:hopper
8194,-58,-78,create:encased_fluid_pipe
8194,-61,-80,create:chute
8194,-60,-79,minecraft:hopper
8194,-58,-77,create:encased_fluid_pipe
8194,-58,-80,create:encased_fluid_pipe
8194,-58,-79,create:encased_fluid_pipe
8217,-61,-65,create:chute
8217,-61,-66,create:chute
8217,-60,-65,minecraft:hopper
8217,-61,-67,create:chute
8217,-60,-66,minecraft:hopper
8217,-60,-67,minecraft:hopper
8217,-58,-65,create:encased_fluid_pipe
8218,-60,-69,create:encased_shaft
8217,-58,-66,create:encased_fluid_pipe
8217,-60,-69,create:encased_shaft
8218,-59,-69,create:clutch
8217,-59,-68,create:mechanical_bearing
8217,-58,-67,create:encased_fluid_pipe
8217,-59,-69,create:gearbox
8218,-58,-69,create:encased_shaft
8217,-58,-68,create:mechanical_pump
8217,-58,-69,create:item_drain
8218,-57,-69,create:encased_shaft
8217,-57,-68,create:encased_cogwheel
8217,-56,-67,create:windmill_bearing
8217,-57,-69,create:encased_shaft
8217,-56,-68,create:encased_cogwheel
8187,-60,-50,create_new_age:energiser_t1
8177,-62,-46,createaddition:tesla_coil
8202,-63,-89,create:schematicannon
8194,-61,-81,create:chute
8194,-60,-82,minecraft:hopper
8194,-61,-83,create:chute
8194,-60,-81,minecraft:hopper
8194,-61,-82,create:chute
8195,-60,-85,create:encased_shaft
8194,-58,-82,create:encased_fluid_pipe
8194,-60,-83,minecraft:hopper
8194,-58,-81,create:encased_fluid_pipe
8203,-63,-95,create:schematic_table
8195,-58,-85,create:encased_shaft
8194,-58,-84,create:mechanical_pump
8194,-59,-85,create:gearbox
8194,-60,-85,create:encased_shaft
8194,-58,-83,create:encased_fluid_pipe
8195,-59,-85,create:clutch
8194,-59,-84,create:mechanical_bearing
8194,-56,-84,create:encased_cogwheel
8194,-57,-85,create:encased_shaft
8194,-58,-85,create:item_drain
8194,-56,-83,create:windmill_bearing
8195,-57,-85,create:encased_shaft
8194,-57,-84,create:encased_cogwheel
8180,-61,-83,create:simple_kinetic
8180,-61,-82,create:simple_kinetic
8180,-61,-85,create_new_age:generator_coil
8180,-61,-84,create:simple_kinetic
8180,-61,-87,create_new_age:carbon_brushes
8180,-61,-86,create_new_age:generator_coil
8180,-61,-81,create:simple_kinetic
8181,-62,-8,create:stressometer
8180,-62,-8,create:simple_kinetic
8179,-62,-8,create:water_wheel
8178,-62,-8,create:water_wheel
8177,-62,-8,create:water_wheel
8176,-62,-8,create:water_wheel
8214,-61,-6,create:large_water_wheel
8214,-61,-5,create:large_water_wheel
8214,-61,-4,create:large_water_wheel
8214,-61,-3,create:large_water_wheel
8214,-61,-2,create:large_water_wheel
8214,-61,-7,create:large_water_wheel
8214,-61,-8,create:large_water_wheel
8214,-61,-9,create:large_water_wheel
8214,-61,-10,create:large_water_wheel
8214,-61,-11,create:large_water_wheel
8214,-61,-12,create:large_water_wheel
8214,-61,-13,create:large_water_wheel
8214,-61,-14,create:large_water_wheel
8214,-61,-15,create:large_water_wheel
8214,-60,-16,create:simple_kinetic
8175,-62,-71,create:funnel
8175,-63,-76,create_new_age:heater
8175,-63,-75,create_new_age:heat_pipe
8169,-62,-8,create:water_wheel
8168,-62,-8,create:water_wheel
8167,-62,-8,create:large_water_wheel
8175,-62,-8,create:water_wheel
8174,-62,-8,create:water_wheel
8173,-62,-8,create:water_wheel
8172,-62,-8,create:water_wheel
8171,-62,-8,create:water_wheel
8170,-62,-8,create:water_wheel
8227,-61,-10,create:encased_shaft
8227,-61,-6,create:encased_shaft
8227,-61,-5,create:motor
8261,-63,-8,mob_grinding_utils:saw
8259,-63,-5,mob_grinding_utils:saw
8213,-62,-100,create:funnel
8213,-60,-101,minecraft:hopper
8213,-60,-100,minecraft:hopper
8213,-60,-103,minecraft:hopper
8213,-58,-101,create:encased_fluid_pipe
8213,-60,-102,minecraft:hopper
8213,-58,-100,create:encased_fluid_pipe
8213,-60,-105,minecraft:hopper
8213,-58,-103,create:encased_fluid_pipe
8213,-60,-104,minecraft:hopper
8213,-58,-102,create:encased_fluid_pipe
8213,-60,-107,minecraft:hopper
8213,-58,-105,create:encased_fluid_pipe
8213,-60,-106,minecraft:hopper
8213,-58,-104,create:encased_fluid_pipe
8213,-60,-109,create:encased_shaft
8213,-58,-107,create:encased_fluid_pipe
8214,-60,-109,create:encased_shaft
8213,-58,-106,create:encased_fluid_pipe
8213,-58,-109,create:item_drain
8213,-56,-107,create:windmill_bearing
8214,-58,-109,create:encased_shaft
8213,-58,-108,create:mechanical_pump
8213,-56,-108,create:encased_cogwheel
8213,-61,-100,create:chute
8213,-61,-102,create:chute
8213,-61,-101,create:chute
8213,-61,-104,create:chute
8213,-61,-103,create:chute
8213,-61,-106,create:chute
8213,-61,-105,create:chute
8213,-61,-107,create:chute
8214,-59,-109,create:clutch
8213,-59,-108,create:mechanical_bearing
8214,-57,-109,create:encased_shaft
8213,-57,-108,create:encased_cogwheel
8213,-59,-109,create:gearbox
8213,-57,-109,create:encased_shaft
8193,69,9,minecraft:daylight_detector
8201,69,1,minecraft:daylight_detector
8193,69,1,minecraft:daylight_detector
8201,69,9,minecraft:daylight_detector
