x,y,z,uuid,type,alive,display_name,custom_name
9.45640235915675,-61.0,28.010637251857094,bd47b972-a113-463c-8c7d-f475094425d1,minecraft:sheep,true,绵羊,[null]
9.987500011920929,-61.0,23.44494751891551,bbe48bea-9d14-43ce-8a64-3a0be2a18b42,minecraft:pig,true,猪,[null]
8.704687489109947,-61.0,23.486974171062727,7f598e4b-2322-4089-b9b7-2122cbb9a0d3,minecraft:pig,true,猪,[null]
8.020554920463992,-61.0,22.01249998807907,e8e32f9c-a0f6-4dc8-9240-c5b91df3989e,minecraft:cow,true,牛,[null]
9.047947765527224,-61.0,27.084587452579562,07fe6d6f-e8ef-4812-86ad-92c4c0eb9537,minecraft:cow,true,牛,[null]
6.834398617100889,-61.0,22.36504446163674,10f1d2bc-667c-4d27-813c-c26297ce36a5,minecraft:horse,true,马,[null]
9.550000011920929,-61.0,28.98750001192093,9a623437-cbc9-4557-b408-29ed529d5059,minecraft:pig,true,猪,[null]
9.496271434110426,-61.0,22.491117567294665,7501cb54-767e-472c-99b4-2f8b5a086e93,minecraft:cow,true,牛,[null]
4.160273214715743,-61.0,22.509189726089087,be5dcce2-b805-43f5-bc0d-8b7f4a36016e,minecraft:pig,true,猪,[null]
9.987500011920929,-61.0,24.477748344381606,9a0f9eb0-117c-497b-81d6-8a62bfbad2ce,minecraft:sheep,true,绵羊,[null]
8190.401992603166,-60.50609251977052,12.2720688381835,d218cac2-21f0-425c-a719-48afa6cb2313,minecraft:player,true,gu__meng,[null]
8113.413702952967,-63.0,18.013685989797484,e0efdc8c-79cb-45c1-9057-6489d586d227,minecraft:item,true,鸡蛋,[null]
8115.3239263189935,-63.0,9.677341878946836,127c5f97-cbaf-4515-bdb2-cf45b635be80,minecraft:chicken,true,鸡,[null]
8200.364688871416,66.0,2.5014799951135616,c6a31b2b-430f-4171-a2eb-ae11c04aef1c,minecraft:chicken,true,鸡,[null]
8198.959653697657,66.0,6.131608082884461,91690bb8-6c35-41c1-9f94-ea477c1b9712,minecraft:horse,true,马,[null]
8198.614732140826,66.0,3.673345785802285,3a63668a-bb4a-4eab-957a-a56f337080ca,minecraft:sheep,true,绵羊,[null]
8198.50873151428,66.0,5.204561104513808,436bd63f-a6e6-4449-8df8-ac615ec29a48,minecraft:chicken,true,鸡,[null]
8198.806238411584,66.0,6.0125130060390175,39f775e5-adbc-4180-8814-deb91d3a91df,minecraft:item,true,鸡蛋,[null]
8199.927293154382,66.0,1.9189700382528063,55d97601-1a5e-4501-96fe-02041ec1187f,minecraft:item,true,鸡蛋,[null]
8143.560548006004,-63.0,-43.31553063346287,086cb277-4512-44bd-8754-ad139519fa02,minecraft:pig,true,猪,[null]
8217.5,-57.0,-62.5,171b8d63-57f6-4f41-9994-7e0bb14f170c,create:super_glue,true,强力胶,[null]
8217.5,-59.0,-63.0,cfcbcd8b-68f9-4f43-a32a-003640302866,create:super_glue,true,强力胶,[null]
8284.634488131112,-63.0,-58.64912945589626,24507d9c-aa1a-40cd-93c6-e55384245f36,minecraft:chicken,true,鸡,[null]
8284.936836305522,-63.0,-59.0726674220989,bb9a4e95-0d88-4079-b770-7ca2f87aad5a,minecraft:item,true,鸡蛋,[null]
8300.237919144181,-63.0,-61.484065832973684,6fb98a65-05bf-404b-961e-dc309e8cd086,minecraft:pig,true,猪,[null]
8194.5,-57.0,-78.5,78b39a51-f704-4ad5-bca3-d19170c742ee,create:super_glue,true,强力胶,[null]
8194.5,-59.0,-79.0,a59895b7-09f7-4c5e-b8f3-5dce562232dd,create:super_glue,true,强力胶,[null]
8217.5,-63.0,-68.5,f53defd1-e413-4631-a7cb-854c06195018,create:super_glue,true,强力胶,[null]
8217.5,-63.0,-68.0,9054eb1d-c78c-4256-8f68-d3c722b912d8,create:super_glue,true,强力胶,[null]
8217.5,-57.0,-65.5,376004a5-edf0-4dbc-a17c-f35bbc4a85ac,create:super_glue,true,强力胶,[null]
8194.5,-63.0,-84.5,309a2139-d16f-412a-8cc7-9e9c6c6b5c85,create:super_glue,true,强力胶,[null]
8194.5,-63.0,-84.0,afc67c9b-d3be-4abe-bbe5-95994a4d2d5d,create:super_glue,true,强力胶,[null]
8194.5,-57.0,-81.5,5b8b0186-ac83-4d3e-8e36-9c8007234790,create:super_glue,true,强力胶,[null]
8213.5,-63.0,-108.5,195c30b5-03a4-444a-a623-38b68dc7874a,create:super_glue,true,强力胶,[null]
8213.5,-63.0,-108.0,1fb39699-a5a6-4205-a252-da20ddece269,create:super_glue,true,强力胶,[null]
8213.5,-57.0,-105.5,e4efe9c4-a0a8-4951-b42f-bdf0c5bebf3f,create:super_glue,true,强力胶,[null]
8213.5,-57.0,-102.5,6b8bd44e-6655-47fb-9f24-ef5ce1af099e,create:super_glue,true,强力胶,[null]
8213.5,-59.0,-103.0,cead4432-c6e6-4705-8958-49349f473bd2,create:super_glue,true,强力胶,[null]
8217.687749259903,-63.0,-143.93308022696513,caa22693-0cfd-4d73-8caa-516f79504b52,minecraft:item,true,鸡蛋,[null]
8213.040813136753,-63.0,-145.13231661086175,1cd4bfea-0d67-4184-8408-4a9ae2ac17a2,minecraft:chicken,true,鸡,[null]
8124.652745016218,-63.0,-162.26867780389807,1314d245-4c84-4e0e-9816-76ed044304f6,minecraft:pig,true,猪,[null]
